"week","n_votes","mos","sd"
1,38,4.05263157894737,0.612807823191747
2,36,4,0.755928946018454
3,38,3.73684210526316,0.759950586100417
4,32,4.1875,0.692703911983626
5,35,3.62857142857143,0.731063459292424
6,36,3.58333333333333,0.906326967174966
7,35,4.11428571428571,0.529785115785224
8,33,3.03030303030303,0.769937030089494
9,32,3.1875,0.692703911983626
10,37,2.89189189189189,0.875080433883518
11,32,3.09375,0.689056156707691
