"week","n_votes","mos","sd"
1,30,4.06666666666667,0.639683829949492
2,31,3.96774193548387,0.752058108027207
3,25,3.84,0.8
4,21,4.19047619047619,0.679635756787974
5,28,3.57142857142857,0.690065559342354
6,23,3.65217391304348,0.77510677576318
7,26,4.03846153846154,0.527694550342846
8,20,3.1,0.788068925652412
9,21,3.0952380952381,0.700340053457026
